batch,arrival,type,demand_cu,share,max_defer,max_latency,data_gb_per_cu,delay_penalty,task_source_type
00_实时型,0,实时型,46.41,0.3,0,25,5.0,0.25,合成业务负载情景
00_交互型,0,交互型,47.69,0.3,2,60,3.0,0.035,合成业务负载情景
00_批处理,0,批处理,59.51,0.4,6,120,1.5,0.006,合成业务负载情景
01_实时型,1,实时型,43.21,0.3,0,25,5.0,0.25,合成业务负载情景
01_交互型,1,交互型,43.8,0.3,2,60,3.0,0.035,合成业务负载情景
01_批处理,1,批处理,56.95,0.4,6,120,1.5,0.006,合成业务负载情景
02_实时型,2,实时型,45.52,0.3,0,25,5.0,0.25,合成业务负载情景
02_交互型,2,交互型,44.09,0.3,2,60,3.0,0.035,合成业务负载情景
02_批处理,2,批处理,59.48,0.4,6,120,1.5,0.006,合成业务负载情景
03_实时型,3,实时型,46.37,0.3,0,25,5.0,0.25,合成业务负载情景
03_交互型,3,交互型,47.69,0.3,2,60,3.0,0.035,合成业务负载情景
03_批处理,3,批处理,64.97,0.4,6,120,1.5,0.006,合成业务负载情景
04_实时型,4,实时型,44.56,0.3,0,25,5.0,0.25,合成业务负载情景
04_交互型,4,交互型,43.25,0.3,2,60,3.0,0.035,合成业务负载情景
04_批处理,4,批处理,61.33,0.4,6,120,1.5,0.006,合成业务负载情景
05_实时型,5,实时型,44.21,0.3,0,25,5.0,0.25,合成业务负载情景
05_交互型,5,交互型,43.99,0.3,2,60,3.0,0.035,合成业务负载情景
05_批处理,5,批处理,59.36,0.4,6,120,1.5,0.006,合成业务负载情景
06_实时型,6,实时型,48.24,0.3,0,25,5.0,0.25,合成业务负载情景
06_交互型,6,交互型,47.86,0.3,2,60,3.0,0.035,合成业务负载情景
06_批处理,6,批处理,62.41,0.4,6,120,1.5,0.006,合成业务负载情景
07_实时型,7,实时型,46.28,0.3,0,25,5.0,0.25,合成业务负载情景
07_交互型,7,交互型,46.79,0.3,2,60,3.0,0.035,合成业务负载情景
07_批处理,7,批处理,65.23,0.4,6,120,1.5,0.006,合成业务负载情景
08_实时型,8,实时型,53.16,0.3,0,25,5.0,0.25,合成业务负载情景
08_交互型,8,交互型,51.24,0.3,2,60,3.0,0.035,合成业务负载情景
08_批处理,8,批处理,67.14,0.4,6,120,1.5,0.006,合成业务负载情景
09_实时型,9,实时型,52.27,0.3,0,25,5.0,0.25,合成业务负载情景
09_交互型,9,交互型,56.07,0.3,2,60,3.0,0.035,合成业务负载情景
09_批处理,9,批处理,69.53,0.4,6,120,1.5,0.006,合成业务负载情景
10_实时型,10,实时型,55.23,0.3,0,25,5.0,0.25,合成业务负载情景
10_交互型,10,交互型,57.82,0.3,2,60,3.0,0.035,合成业务负载情景
10_批处理,10,批处理,76.07,0.4,6,120,1.5,0.006,合成业务负载情景
11_实时型,11,实时型,54.15,0.3,0,25,5.0,0.25,合成业务负载情景
11_交互型,11,交互型,53.32,0.3,2,60,3.0,0.035,合成业务负载情景
11_批处理,11,批处理,73.08,0.4,6,120,1.5,0.006,合成业务负载情景
12_实时型,12,实时型,49.62,0.3,0,25,5.0,0.25,合成业务负载情景
12_交互型,12,交互型,49.55,0.3,2,60,3.0,0.035,合成业务负载情景
12_批处理,12,批处理,68.54,0.4,6,120,1.5,0.006,合成业务负载情景
13_实时型,13,实时型,50.97,0.3,0,25,5.0,0.25,合成业务负载情景
13_交互型,13,交互型,50.61,0.3,2,60,3.0,0.035,合成业务负载情景
13_批处理,13,批处理,68.17,0.4,6,120,1.5,0.006,合成业务负载情景
14_实时型,14,实时型,48.66,0.3,0,25,5.0,0.25,合成业务负载情景
14_交互型,14,交互型,47.9,0.3,2,60,3.0,0.035,合成业务负载情景
14_批处理,14,批处理,66.31,0.4,6,120,1.5,0.006,合成业务负载情景
15_实时型,15,实时型,48.25,0.3,0,25,5.0,0.25,合成业务负载情景
15_交互型,15,交互型,46.68,0.3,2,60,3.0,0.035,合成业务负载情景
15_批处理,15,批处理,60.06,0.4,6,120,1.5,0.006,合成业务负载情景
16_实时型,16,实时型,46.68,0.3,0,25,5.0,0.25,合成业务负载情景
16_交互型,16,交互型,46.76,0.3,2,60,3.0,0.035,合成业务负载情景
16_批处理,16,批处理,59.5,0.4,6,120,1.5,0.006,合成业务负载情景
17_实时型,17,实时型,50.27,0.3,0,25,5.0,0.25,合成业务负载情景
17_交互型,17,交互型,47.15,0.3,2,60,3.0,0.035,合成业务负载情景
17_批处理,17,批处理,63.21,0.4,6,120,1.5,0.006,合成业务负载情景
18_实时型,18,实时型,53.94,0.3,0,25,5.0,0.25,合成业务负载情景
18_交互型,18,交互型,54.47,0.3,2,60,3.0,0.035,合成业务负载情景
18_批处理,18,批处理,72.34,0.4,6,120,1.5,0.006,合成业务负载情景
19_实时型,19,实时型,61.56,0.3,0,25,5.0,0.25,合成业务负载情景
19_交互型,19,交互型,59.6,0.3,2,60,3.0,0.035,合成业务负载情景
19_批处理,19,批处理,80.57,0.4,6,120,1.5,0.006,合成业务负载情景
20_实时型,20,实时型,58.97,0.3,0,25,5.0,0.25,合成业务负载情景
20_交互型,20,交互型,57.8,0.3,2,60,3.0,0.035,合成业务负载情景
20_批处理,20,批处理,76.32,0.4,6,120,1.5,0.006,合成业务负载情景
21_实时型,21,实时型,57.52,0.3,0,25,5.0,0.25,合成业务负载情景
21_交互型,21,交互型,59.33,0.3,2,60,3.0,0.035,合成业务负载情景
21_批处理,21,批处理,74.78,0.4,6,120,1.5,0.006,合成业务负载情景
22_实时型,22,实时型,53.09,0.3,0,25,5.0,0.25,合成业务负载情景
22_交互型,22,交互型,53.3,0.3,2,60,3.0,0.035,合成业务负载情景
22_批处理,22,批处理,73.45,0.4,6,120,1.5,0.006,合成业务负载情景
23_实时型,23,实时型,51.21,0.3,0,25,5.0,0.25,合成业务负载情景
23_交互型,23,交互型,49.36,0.3,2,60,3.0,0.035,合成业务负载情景
23_批处理,23,批处理,64.92,0.4,6,120,1.5,0.006,合成业务负载情景
