scenario_id,需求总体系数,平均容量系数,平均电价系数,平均绿电系数,成本优先_现金成本_CNY,成本优先_调度碳代理_kgCO2,成本优先_位置法碳排_kgCO2,成本优先_市场法碳排_kgCO2,成本优先_任务完成率_%,成本优先_SLA满足率_%,协同_现金成本_CNY,协同_调度碳代理_kgCO2,协同_位置法碳排_kgCO2,协同_市场法碳排_kgCO2,协同_任务完成率_%,协同_SLA满足率_%,协同_绿电占比_%,协同_求解时间_s,相对成本优先_现金成本变化_%,相对成本优先_调度碳下降_%,相对成本优先_位置法碳排下降_%,相对成本优先_市场法碳排下降_%
1,1.0396540552227822,1.0494609977096347,0.9866109048252457,1.1431486231746293,583.3501007050115,644.7639191091417,644.7639191091417,966.1921415638329,100.0,100.0,596.71873037087,217.93104635152687,621.8877225050277,227.57027485314558,100.0,100.0,76.4742559457402,0.07500100400011434,2.2916992128229303,66.19986945723666,3.5479957742861403,76.44668538860074
2,0.9537650826505553,1.0295525373227667,0.9974785080905313,1.0638344576570224,535.4118825088503,562.8775970907164,562.8775970907164,891.5726546465447,100.0,100.0,547.0707699993525,176.95865738557683,521.4920723338946,205.57213193035264,100.0,100.0,77.07731452181099,0.15411745800065546,2.17755486409277,68.56178709186446,7.3524910159378605,76.94275044675415
3,0.8714080112718664,1.0231337101247853,1.0068163357817679,1.105045623559545,455.34086981819655,471.96622401756855,471.96622401756855,816.4109851912085,100.00000000000001,100.00000000000001,460.5418989414592,158.31526875613423,455.65303471902723,197.38696258708111,100.00000000000001,100.00000000000001,75.8537170685594,0.22291195599973435,1.1422276074930937,66.45622913256584,3.4564315131868573,75.82259840111634
4,1.1021250584822422,1.009002959225177,0.989836922395249,0.9795376503648552,636.0216933123592,717.1583350543686,717.1583350543686,1029.2234724080627,100.0,100.0,643.5620989836016,331.2694989350357,710.7645598106253,351.90786556141603,100.0,100.0,65.82654727070607,0.08134081900061574,1.18555793780751,53.80803893049339,0.891543043037855,65.80841041857887
5,0.9302603678493201,0.9841653388673068,1.0194932895307303,1.0600514104856364,528.6336305599917,560.4718769848731,560.4718769848731,864.0855367206559,100.0,100.0,537.9575466098464,170.89132418819904,530.3229855374092,188.89700673532218,100.0,100.0,78.16822986413892,0.1052450739998676,1.7637765573063684,69.5093846443233,5.37919790189181,78.13908476558736
6,0.9305601610745852,1.0195414638610443,1.0053847678551233,0.9217707990034518,499.2918921271957,524.8760557238073,524.8760557238073,867.1436309492406,100.0,100.0,515.3761579832831,198.65803135336446,503.6435164141017,301.24617758034196,100.0,100.0,65.34229770059105,0.11665264500061312,3.221415390416528,62.15143952805891,4.045248221587436,65.25994462410162
7,1.032968316153518,1.0072178593102246,1.0172249749522786,0.9823709274599117,611.5713200386169,654.8983820827794,654.8983820827794,965.2150208144567,99.99999999999997,99.99999999999997,621.0414111942305,266.0388637450939,652.6833395206141,310.83151947883294,99.99999999999997,99.99999999999997,67.80053240864817,0.06355044299925794,1.548485163597202,59.37707726517692,0.338226910123184,67.79665537979811
8,1.1432698814541307,1.020439774782938,0.9839677271895492,0.9510786790103121,658.8291528144515,762.5696388955636,762.5696388955636,1063.3037885108288,100.0,100.0,670.999836861345,356.1553575209469,747.2491390196016,408.10139282371466,100.0,100.0,61.590144459265865,0.049252079000325466,1.8473202035613563,53.295366173144544,2.009062398307757,61.619492262388526
9,1.0973669362850396,0.9784606168957102,1.0135860657256726,1.0060283549526856,632.7279141142667,700.4718320736954,700.4718320736954,1020.8204863276803,99.99999999999999,99.99999999999999,650.2316751608896,294.9643205728061,676.153823406877,344.6718222818371,99.99999999999999,99.99999999999999,66.25205706930653,0.06761019699933968,2.7663962117311995,57.89062356731949,3.4716611794119863,66.23580473764135
10,0.9454146948114469,0.967640153208826,1.0165707883698079,1.0087178526991942,550.0216941998045,589.8324484745403,589.8324484745403,877.4865199407715,100.0,100.0,557.0765825468343,213.89133286582518,582.5014680629552,227.36834783608577,100.0,100.0,74.11018724805123,0.09355778400004056,1.282656379089468,63.73693352764779,1.2428920162912374,74.08867912279352
11,1.1096664338556526,0.9787047145146885,0.996984936383274,0.9639003301261179,634.1343791872927,719.3857688980488,719.3857688980488,1027.988107579373,99.99999999999999,99.99999999999999,646.2405847993303,338.73496666695297,711.3286574542026,374.7263610642531,99.99999999999999,99.99999999999999,63.547653796126,0.050265626000509656,1.909091512677961,52.913307252960344,1.1199987256056043,63.54759765201664
12,0.9662630045324387,1.0358229103277046,0.989512480990455,1.0117226161887172,545.0086874992408,602.0096051391442,602.0096051391442,904.3239171740403,100.0,100.0,556.1305705667643,231.33518021566144,599.4779864773881,253.7967689474168,100.0,100.0,71.89289402981836,0.11349882400008937,2.040679960269261,61.57284231998387,0.42052795173775165,71.93519223283212
13,0.8585106595172177,1.001219399506883,0.9944968113732638,0.9754039247233278,430.2731907013561,449.3324962585058,449.3324962585058,798.0745855891305,100.0,100.0,438.4209718432878,169.8229685479987,440.38226971180154,234.69184735098972,100.0,100.0,70.64938266491635,0.10697029800030577,1.8936297491950704,62.205500389560584,1.9918938917685318,70.59274263473223
14,0.9543523571645722,1.0082764061851361,0.997107206653499,1.0174076358929458,540.4305553474212,602.1235362954076,602.1235362954076,889.1520844490386,100.0,100.0,555.8697006937556,232.51687073342316,586.6789074665983,236.64866605438027,100.0,100.0,73.50034558353956,0.07451983100054349,2.856823174331654,61.383859504314714,2.5650265930199443,73.38490566537679
15,1.1095530283248345,0.9915594917427402,1.0053482462951913,1.0886955951674644,647.7020341929011,722.8178996043312,722.8178996043312,1029.793438592773,100.0,100.0,655.8775491552047,293.2246184767574,721.9144565569275,294.95130771857185,100.0,100.0,71.37063158069094,0.041511672999149596,1.2622339487463705,59.43312712133057,0.12498902529921307,71.35820673691349
16,1.1371800884903671,1.0016646449317128,1.0068733960509517,0.9508856581914071,665.9749682416979,735.7134024070258,735.7134024070258,1058.6171115976188,100.0,100.0,672.9795338403015,325.5314018274846,727.5146837156991,413.92670701795294,100.0,100.0,60.92012909178205,0.043999362000249675,1.0517761076061278,55.75296022031855,1.1143902862858048,60.899299427224186
17,0.9078496630371363,0.9764006387333328,1.015988847281363,1.0320464796476687,510.48006123158365,566.4539861473504,566.4539861473504,838.5860152908799,100.0,100.0,518.6510942991537,193.66732328425988,555.7370777611502,210.39471343805982,100.0,100.0,74.93469484478176,0.13813887299966154,1.600656654024174,65.81058161467654,1.8919292031272663,74.91077723671789
18,1.0671695629942106,0.9754250315853761,0.9966199074827966,1.0976483785756062,609.1004948406041,671.9814941323814,671.9814941323814,992.7562310847934,100.00000000000001,100.00000000000001,626.7616719178033,251.5355365066606,657.8031402959019,259.19111483246667,100.00000000000001,100.00000000000001,73.89244541490179,0.058945705000041926,2.8995506040133616,62.568085772744844,2.109932187163223,73.89176650654248
19,1.1383758077730406,1.0156234391344747,0.9997127687140245,0.9596567568041039,667.0954404948909,739.0175976794826,739.0175976794826,1060.5447203524411,100.0,100.0,674.605430865501,358.8620934206456,732.3602020551489,386.04069656673084,100.0,100.0,63.63794629426094,0.038522566000210645,1.1257745016273488,51.440656548981565,0.9008439914337592,63.59977197015875
20,1.0480871042025708,0.9927382829964435,1.0058346898677237,0.9553327876059868,604.7811497858702,662.2531920172734,662.2531920172734,972.1362245579919,100.0,100.0,612.2103250830331,276.2193092875563,649.0939602155465,323.8983035104599,100.0,100.0,66.72242693347158,0.045600280000144267,1.2284072180148684,58.290981060254104,1.9870393922364973,66.68179877179979
21,0.9649107900068125,0.9978066482755672,1.0085773570353576,0.9814181186740942,552.3526993518595,583.29680177896,583.29680177896,902.2035763131381,100.0,100.0,560.8193314192627,235.12798716896026,566.0401981831337,252.40745099474123,100.0,100.0,72.05640330796155,0.11133503399923939,1.5328307578360725,59.689820610732255,2.958460177253922,72.02322650657113
22,1.0100318335288017,1.0280852648763361,1.0023592542944313,1.0193919742623674,579.908941797907,651.6110689700704,651.6110689700704,939.8347330848339,100.0,100.0,596.4719801879269,281.1953789528321,646.123795020033,271.22002087221995,100.0,100.0,71.09280254360954,0.05519587999970099,2.8561446800025267,56.84613224921324,0.8421087687645579,71.14173254887162
23,1.108958350227509,1.0137189465629834,1.0114525108986787,0.9305587977146909,646.9726316067295,704.7863598672094,704.7863598672094,1029.959323259263,100.0,100.0,654.1104824950207,336.1125427997187,697.6694165014137,395.38235728268984,100.0,100.0,61.63219704939988,0.040587135999885504,1.1032693717761621,52.31001024721214,1.0098015187377651,61.61184734640599
24,0.9485834595279452,0.9855619237817665,0.9914003309195045,0.9379004195192253,536.0400696532031,578.6352027719086,578.6352027719086,877.7855497610069,100.0,100.0,542.3392843713718,233.14277106431058,576.0435746703141,282.38038242808534,100.0,100.0,67.84033989444794,0.10738399399997434,1.1751387768910795,59.70815983067439,0.4478863520884035,67.8303678495313
25,0.8518857860213753,0.9647268715452675,1.0176431891648559,0.9386516011636182,462.8703820905901,496.99382002275104,496.99382002275104,791.7405743194453,100.0,100.0,467.9045884001311,203.85684567369358,482.6212813549994,229.88635909526116,100.0,100.0,71.0311659105068,0.12377578199993877,1.0876060565386807,58.98201598072959,2.891894846316946,70.96443373602976
26,0.9207568379960461,1.051128420259531,0.9994051402797703,0.9583358183694352,499.81605552175574,524.7824904921105,524.7824904921105,858.4424490360667,100.0,100.0,511.7142838215076,198.5952143744064,519.604422862874,274.89373374138245,100.0,100.0,67.99993522450256,0.17064654200021323,2.3805214274942292,62.15666147927775,0.9867073926915465,67.9776164319394
27,0.9948820485638292,1.0001021715761207,1.0116271456299106,1.0037267428363388,576.9214571338923,617.3069479724354,617.3069479724354,923.8197816025148,100.0,100.0,588.4705276247487,231.57420757686504,609.5510758090422,251.85375053847153,100.0,100.0,72.74633930482376,0.0536442860002353,2.001844505529641,62.48637596944632,1.2564044822219467,72.73778332592201
28,0.966824849790412,0.9786962501691601,0.9840866851979664,1.0373392666856922,549.3712887977819,597.98253260584,597.98253260584,899.2833087104374,100.0,100.0,558.7461770217077,212.04622059152618,594.2581201900481,227.71408637100726,100.0,100.0,74.72038491970511,0.05610147599963966,1.7064758233801038,64.53973000390357,0.622829633427913,74.67827055552195
29,1.1236554878515086,0.9808748026645986,1.0106264664284355,1.055707961663502,661.2549116030932,734.4895631365407,734.4895631365407,1053.5498044115493,100.0,100.0,673.6670175258085,325.0254839966218,711.6727393692026,324.8112170864146,100.0,100.0,69.20939672943932,0.047946935999789275,1.8770531159646784,55.748114022390816,3.106487132356494,69.16982797335955
30,1.0865444666522268,1.0561576675707578,1.006260224804463,1.0380174477594226,635.3891426819646,700.2925884694835,700.2925884694835,1014.0275295936199,100.0,100.0,652.0287805574544,277.2915790694268,691.6393995665658,316.9979434471533,100.0,100.0,68.7339420573411,0.0507001260002653,2.618810545810439,60.40346797394239,1.235653360523145,68.73872412771742
31,1.1387753520692032,0.9828700673502434,0.992885502785318,0.9970756985243032,653.2642862352691,733.4894356844964,733.4894356844964,1059.4219190807864,100.0,100.0,669.6793692206045,315.983291645804,727.8701012722779,364.26089542320983,100.0,100.0,65.61195872720494,0.04496621199996298,2.512778263133707,56.920539509757674,0.7661097950203545,65.61701349928055
32,1.0896684011786917,1.0493314873898567,1.0112488909946364,1.0449423279875052,632.9455800875693,686.7690135077704,686.7690135077704,1009.680233583764,100.0,100.0,649.6004357827742,284.21408491128443,676.243065973658,299.6764613069307,100.0,100.0,70.33430158600831,0.04728296400026011,2.631325064771077,58.61576755485508,1.5326765371008328,70.31966643109794
33,0.890679860747245,0.9979037506226918,1.0167909327827014,0.9726333750627275,469.7885643269869,487.6436313196818,487.6436313196818,836.4932280771088,100.0,100.0,480.31518559652875,192.05366323289434,467.0240871452653,244.37361248577136,100.0,100.0,70.81735495653736,0.12461762400016596,2.2407146680171253,60.61598042136824,4.228404279292032,70.78594251772655
34,1.07582866194304,1.0095841756781465,0.9845851638281481,0.9762009322650479,615.7220435234686,687.3946642681008,687.3946642681008,1002.1505082908884,100.0,100.0,625.5648640160402,316.70166077954786,669.1009704274056,325.18778451612513,100.0,100.0,67.5639486085689,0.0473981269997239,1.5985817945133287,53.92724482132052,2.6613086763152634,67.55100338463983
35,1.0366822288970536,0.9951158382928822,1.0091709469702628,1.048395337343705,597.9260468805442,653.845591296797,653.845591296797,966.0312613642477,100.0,100.0,618.3018019817202,247.72173818617298,642.7968341569593,262.55437348633825,100.0,100.0,72.77225122299672,0.0510924790005447,3.4077383327719164,62.11311332774196,1.6898113693669254,72.82133777787337
36,0.8558970152068588,0.9911578931371712,0.9929423591758321,1.0119926417321314,440.14121027966763,492.3305054517715,492.3305054517715,796.562455397077,100.0,100.0,446.9184895652578,177.95520315477884,479.81375186549064,208.90473280352506,100.0,100.0,73.81477369468845,0.16475564099982876,1.5397965760315548,63.8545243115732,2.542347761854662,73.7742180304759
37,0.966186530759257,1.034076380508925,0.9951933689569858,1.0598405703175973,555.0144823773926,598.0709419105827,598.0709419105827,905.5020501319967,100.0,100.0,565.7992516682275,218.54361305680362,585.0145586953485,220.78893770211758,100.0,100.0,75.62388319911439,0.1373622709998017,1.9431509687168116,63.4585802883769,2.1830826914152843,75.61695882743359
38,0.9865631753575497,1.0290920153658865,1.0098114737935786,0.9366917796569759,566.0198602492927,625.051727373102,625.051727373102,917.845671929107,100.0,100.0,580.6618796282045,247.4138254112246,618.5401207394091,287.64061574431815,100.0,100.0,68.64242306287821,0.07707979599945247,2.586838449884595,60.417063968285,1.0417708404805504,68.6613311429838
39,0.94950394044147,1.0004666325925597,0.9829400778568843,0.9702093762317913,510.05148150308685,559.3528461201767,559.3528461201767,879.0622513462237,100.00000000000001,100.00000000000001,524.8035333616432,212.9826392576874,534.9037314214153,291.7365445408075,100.00000000000001,100.00000000000001,66.94620781809887,0.10225496500061126,2.8922672305711288,61.92338329285479,4.370964565273437,66.81275483118142
40,0.8920816342200838,1.009068818760709,1.0165598183690623,0.9511876834524081,484.8522678301362,501.2649741098198,501.2649741098198,834.386167942719,100.00000000000001,100.00000000000001,498.9029999148468,183.40378069073893,479.45146733277676,222.9749961637926,100.00000000000001,100.00000000000001,73.32196412075885,0.143139359000088,2.8979408815786245,63.41181008778047,4.351691800485545,73.27676263934663
41,1.0453746473645382,0.9781016987608282,0.967805368990925,1.0223371373558898,591.0807166916405,679.4958070525571,679.4958070525571,974.2860097723194,100.0,100.0,600.6661983743246,285.1486078371283,657.2751746509039,283.84395766694865,100.0,100.0,70.90404698864013,0.04115363199980493,1.6216874298209771,58.03526601966614,3.270164756135799,70.86646479371286
42,0.9358948030803825,0.9961185124355418,0.9788581904444777,1.0201993797579532,512.8421222176362,561.0237262419879,561.0237262419879,867.2240754150595,100.0,100.0,519.4513152984919,184.34056591697052,521.9238556438346,216.77055568033805,100.0,100.0,75.09603615631191,0.14238268600001902,1.2887383454923997,67.14210873900574,6.969379149089365,75.00408927455224
43,1.0564297103033238,0.9811366286963471,1.0136057841654098,0.9934891233999869,613.152296680541,670.8038304085179,670.8038304085179,977.0597061894945,100.0,100.0,623.3998021842268,266.3276488952173,657.36898828646,300.7836029227948,100.0,100.0,69.25599516349794,0.04214856500038877,1.671282250619195,60.297237907388755,2.002797466716336,69.21543268877166
44,0.8862837300757762,0.9961293279344343,1.0086719796338506,0.9428667327498157,487.3551914158967,500.3018517274218,500.3018517274218,826.2932336827213,100.0,100.0,488.76087313639516,171.3347401250932,485.855677041907,271.1867362360987,100.0,100.0,67.3329057595328,0.11689475500043045,0.2884306446833157,65.75372656856743,2.887491748358653,67.18032713066745
45,1.1489211984696839,0.9717389193958761,0.9921721624059306,0.9791928147569973,670.2765571947862,767.3791902313305,767.3791902313305,1071.4918347319424,100.0,100.0,684.7758785836836,359.4868976108955,763.2959235969221,400.8267461382033,100.0,100.0,62.54955193687925,0.041261395000219636,2.1631849172197524,53.15394238114194,0.5321054683770533,62.59171249415269
46,0.9564473080706993,1.0080680886721778,1.009232711195259,0.8992201540541358,551.1317722662578,579.4428748299914,579.4428748299914,886.3119059467031,100.0,100.0,556.8343654298566,227.1541062808216,557.0734111831847,287.42748433526793,100.0,100.0,67.706134065379,0.10765489900040848,1.0347059361411237,60.7978428680362,3.86051233322524,67.57039114483565
47,1.0625294789431017,1.0008919696337635,1.0286177797538445,1.095337196152033,628.9896128998873,691.2373517896567,691.2373517896567,985.4526947822718,100.0,100.0,645.8691006649389,266.18462106311165,681.2670916827482,260.78210713564675,100.0,100.0,73.53593661779703,0.05723782199947891,2.6835876807616112,61.491574439092005,1.442378667919914,73.53682134957634
48,1.12216134283212,1.0240160785352515,0.9859649654106877,1.0714636346262043,634.0866278806326,718.9231255676867,718.9231255676867,1043.4872761235993,100.0,100.0,646.7897851895319,306.8440434456598,705.1005103813503,306.7247429843337,100.0,100.0,70.62046680272178,0.055358899999191635,2.0033788366359806,57.3189354281287,1.922683343288142,70.605799418679
49,0.9539556956115395,0.9814949673069651,1.0191354567115618,0.9829696669120868,550.3198834205047,581.0228146378198,581.0228146378198,886.1328757173688,99.99999999999999,99.99999999999999,562.3383650301753,197.87627687898245,556.0835305713165,249.09079910604393,99.99999999999999,99.99999999999999,71.94889618988968,0.09165999299966643,2.1839082998364416,65.94345834727186,4.292307193143389,71.89013003220397
50,1.0337036322497775,0.9944242906233923,0.9888599888402385,0.9262567538506364,586.3405638168787,670.3845331557707,670.3845331557707,962.1324549129002,100.00000000000001,100.00000000000001,599.9961455475855,297.05729840454444,662.5033710309875,327.41917620129163,100.00000000000001,100.00000000000001,65.94162045619132,0.04380003400001442,2.3289505405891706,55.68852148092143,1.1756181318329844,65.96942816663095
