压力测试,场景,参数值,协同_任务完成率_%,协同_SLA满足率_%,协同_现金成本_CNY,协同_单位成本_CNY_per_1000CU,协同_调度碳代理_kgCO2,协同_位置法碳排_kgCO2,协同_市场法碳排_kgCO2,协同_绿电占比_%,协同_绿电利用率_%,协同_平均延迟_h,协同_求解时间_s,相对成本优先_现金成本变化_%,相对成本优先_调度碳代理下降_%,相对成本优先_位置法碳排下降_%,相对成本优先_市场法碳排下降_%,相对成本优先_绿电占比变化_pp,相对成本优先_SLA变化_pp
1_碳价压力,影子碳价=0.00元/kg,0.0,100.0,100.0,574.8743276993,143.01423680854293,626.841326895,626.841326895,930.0211524000001,0.0,0.0,0.9193845311839192,0.07109963800030528,0.0,-0.0,-0.0,-0.0,0.0,0.0
1_碳价压力,影子碳价=0.05元/kg,0.05,100.0,100.0,583.0578855686697,145.05009965138436,263.0497516481697,627.1370426550001,278.2167526905071,70.05583618770468,63.06459187377947,0.9071050078364056,0.07963434999965102,1.423538584880113,58.03567181009553,-0.04717553666490393,70.08490054526774,70.05583618770468,0.0
1_碳价压力,影子碳价=0.10元/kg,0.1,100.0,100.0,583.5127940943588,145.1632694216879,254.8739065763206,623.5728082950001,271.6109406113048,70.74644634912433,63.641944377440105,0.9071050078364056,0.09754791799969098,1.5026704061791623,59.339964415107296,0.5214267885287943,70.79518676425916,70.74644634912433,0.0
1_碳价压力,影子碳价=0.25元/kg,0.25,100.0,100.0,585.8225517033877,145.7378788724004,243.63196257630665,619.28929908,263.5077911228035,71.65376178258691,64.536766864873,0.9071050078364056,0.11824497199995676,1.90445519595622,61.13339179739236,1.2047750349212358,71.66647334388054,71.65376178258691,0.0
1_碳价压力,影子碳价=0.50元/kg,0.5,100.0,100.0,594.1070959022924,147.7988645675778,216.11954202078127,595.85847312,240.1614213225246,74.19170151687459,66.89126123065367,0.9854790158469536,0.10094709399982094,3.345560460138074,65.52244838557321,4.942694816959603,74.17677859231834,74.19170151687459,0.0
1_碳价压力,影子碳价=1.00元/kg,1.0,100.0,100.0,625.1036169819024,155.51001740973268,152.75391364083006,585.7831919399999,183.2081165246826,80.32278127707059,72.458596220522,1.1648381720028858,0.2071022330001142,8.737438229956211,75.63116739646341,6.550004473760155,80.30065057639837,80.32278127707059,0.0
2_电价压力,电价×0.80,0.8,100.0,100.0,477.4856452351462,118.78638834618161,236.2223085905708,612.78004716,260.6893991231579,71.97777655294956,64.87679501545114,0.9078488444411276,0.08780060499975662,1.8345041692663806,62.66104441784933,3.1396860903901063,71.94854454570527,71.97777655294956,0.0
2_电价压力,电价×0.90,0.9,100.0,100.0,532.5900763562163,132.49498130612145,236.46443463057082,613.0935385199999,260.3779544831579,72.0102531784882,64.90374543982092,0.9071050078364056,0.12299719000020559,1.6481542124639545,62.33149805454143,2.3349317432491667,71.98935560541332,72.0102531784882,0.0
2_电价压力,电价×1.00,1.0,100.0,100.0,585.8225517033877,145.7378788724004,243.63196257630665,619.28929908,263.5077911228035,71.65376178258691,64.536766864873,0.9071050078364056,0.11666784000044572,1.90445519595622,61.13339179739236,1.2047750349212358,71.66647334388054,71.65376178258691,0.0
2_电价压力,电价×1.10,1.1,100.0,100.0,639.6795211503918,159.13613482359176,247.65330905504737,620.1850740900001,266.3473361051552,71.33503522867527,64.21995637348735,0.9071050078364056,0.13030936599989218,2.6913059484769435,60.50216591425414,1.0876646375923713,71.36323639737006,71.33503522867527,0.0
2_电价压力,电价×1.25,1.25,100.0,100.0,712.2241423440728,177.18340730504087,250.7571027107126,620.25434499,270.0960776291291,70.96124356892282,63.94869144114338,0.9632833296017115,0.11692717200003244,1.1921259801744137,59.98560132268308,1.0233234733110148,70.96130351936165,70.96124356892282,0.0
2_电价压力,电价×1.50,1.5,100.0,100.0,846.5782074943035,210.60731086755317,253.67635071788627,622.55902323,272.24679167038926,70.72231224065116,63.7166050996238,0.9632833296017115,0.11325577499974315,0.9416997650534,59.51976425432386,0.6555559687363397,70.73007494022413,70.72231224065116,0.0
3_绿电比例压力,绿电可得量×0.40,0.4,100.0,100.0,580.9321265296218,144.5212644052098,460.24611216887877,610.61873469,654.0271580266692,29.61915501870456,66.66903366378321,0.9071050078364056,0.1363798450001923,1.053760541815396,26.576935434575613,2.5879902152203416,29.67609862002649,29.61915501870456,0.0
3_绿电比例压力,绿电可得量×0.60,0.6,100.0,100.0,582.9474116988965,145.02261653827316,382.29011816585853,609.7372088850001,514.86714549707,44.62036098867492,66.98800889394107,0.9071050078364056,0.1266862630000105,1.4043215378751988,39.01325554594542,2.7286200312802475,44.63920049899824,44.62036098867492,0.0
3_绿电比例压力,绿电可得量×0.80,0.8,100.0,100.0,584.2968135968332,145.35831370421502,306.7228012044706,609.7372088850001,376.84778358730813,59.46586532116985,66.95653889988942,0.9071050078364056,0.11595092700008536,1.6390514315090132,51.06850999697269,2.7286200312802475,59.479654563251614,59.46586532116985,0.0
3_绿电比例压力,绿电可得量×1.00,1.0,100.0,100.0,585.8225517033877,145.7378788724004,243.63196257630665,619.28929908,263.5077911228035,71.65376178258691,64.536766864873,0.9071050078364056,0.12980277000042406,1.90445519595622,61.13339179739236,1.2047750349212358,71.66647334388054,71.65376178258691,0.0
3_绿电比例压力,绿电可得量×1.20,1.2,100.0,100.0,589.189955435294,146.57560400907877,187.41858393700116,614.14569642,185.3105659450855,80.0840574224452,60.16366997667508,0.9071050078364056,0.14679918500041822,2.490218652359455,70.10111237155317,2.025333992876082,80.07458588797948,80.0840574224452,0.0
3_绿电比例压力,绿电可得量×1.50,1.5,100.0,100.0,589.6512903471804,146.69037250222166,137.51981025147393,614.55087666,130.09191376879812,86.01557707846675,51.684674123397755,0.9071050078364056,0.18995388000075764,2.570468350364359,78.06146398600337,1.9606955871718892,86.0119403270469,86.01557707846675,0.0
4_SLA压力,SLA阈值×0.50,0.5,100.0,100.0,645.7509823788388,160.64656128040372,279.24405462949534,662.7268027350001,291.5118417418639,68.67162329680174,61.910712715623184,0.33589820135831033,0.0821754280004825,1.8622925116989135,59.35509435593782,3.537898414006544,68.60846459925584,68.67162329680174,0.0
4_SLA压力,SLA阈值×0.70,0.7,100.0,100.0,635.2980871549656,158.0461445269462,271.19538757309726,653.344454175,282.268203672606,69.69746462095127,62.902825480075194,0.49994029405179496,0.11692897400007496,1.9098775380175934,59.98007983698112,3.5868820298903112,69.63643950400628,69.69746462095127,0.0
4_SLA压力,SLA阈值×0.85,0.85,100.0,100.0,597.8654273857625,148.73384267128455,246.30724981137251,627.92681214,266.9262653585929,71.27279161314549,64.16405995919249,0.6925143667437869,0.08514572500007489,3.0991788454594955,61.343087949434164,1.4494637503463805,71.2676765895075,71.27279161314549,0.0
4_SLA压力,SLA阈值×1.00,1.0,100.0,100.0,585.8225517033877,145.7378788724004,243.63196257630665,619.28929908,263.5077911228035,71.65376178258691,64.536766864873,0.9071050078364056,0.11945903900050325,1.90445519595622,61.13339179739236,1.2047750349212358,71.66647334388054,71.65376178258691,0.0
4_SLA压力,SLA阈值×1.20,1.2,100.0,100.0,574.9405923646342,143.03072178636071,236.18491287062457,609.33336468,256.3422639763193,72.45589692163401,65.33343591897285,1.0768241411050574,0.14231947799999034,1.9454021578647451,61.70081182660781,1.1919393556316265,72.46886743978418,72.45589692163401,0.0
4_SLA压力,SLA阈值×1.50,1.5,100.0,100.0,575.4995784492728,143.1697834289307,237.79589962312656,610.47876198,258.1002983518002,72.26530575239366,65.15761055551863,1.0677488369778838,0.16073895600038668,3.154637008248676,61.50726597321308,1.179975554074131,72.29516601905772,72.26530575239366,0.0
5_绿电波动压力,绿电波动系数=0.00,0.0,100.0,100.0,587.1955727648652,146.07945189065484,252.34287975404564,603.3399181650001,278.41297738728565,70.07547620327085,63.168194732541124,0.9071050078364056,0.12289871499979199,2.1432936681789183,59.74373913666438,3.749179851687811,70.06380159539202,70.07547620327085,0.0
5_绿电波动压力,绿电波动系数=0.50,0.5,100.0,100.0,585.4190727943501,145.63750349388016,247.03401442991057,609.5356787250001,267.9275834984239,71.18209715722122,64.12036918981326,0.9071050078364056,0.10271515899967198,1.8342696111080687,60.59066244825137,2.760770138708264,71.191237660884,71.18209715722122,0.0
5_绿电波动压力,绿电波动系数=1.00,1.0,100.0,100.0,585.8225517033877,145.7378788724004,243.63196257630665,619.28929908,263.5077911228035,71.65376178258691,64.536766864873,0.9071050078364056,0.11816782300047635,1.90445519595622,61.13339179739236,1.2047750349212358,71.66647334388054,71.65376178258691,0.0
5_绿电波动压力,绿电波动系数=1.50,1.5,100.0,100.0,585.7438643124586,145.71830343370368,255.25563992783697,621.6281630249999,270.5945004548958,70.8777986441864,63.80800510247726,0.9071050078364056,0.09429636999993818,1.8907674407134367,59.279066491639604,0.8316560581324365,70.90447891893606,70.8777986441864,0.0
5_绿电波动压力,绿电波动系数=2.00,2.0,100.0,100.0,585.8087724601835,145.73445094414595,270.5910410749957,624.785802825,280.63941792095835,69.79669252903693,62.83464868130208,0.9071050078364056,0.1737270539997553,1.9020582819629699,56.83260987029315,0.3279177651195686,69.82440483243376,69.79669252903693,0.0
5_绿电波动压力,绿电波动系数=3.00,3.0,100.0,100.0,588.1042692608069,146.30551266532498,276.3263925619909,624.3915179700001,285.9107927286688,69.21421305899196,62.27959170432857,0.9071050078364056,0.11175398399973346,2.3013623889684363,55.917649219021996,0.39081803000046966,69.25760322860923,69.21421305899196,0.0
6_需求冲击,算力需求×0.70,0.7,100.0,100.0,359.39717848239724,127.72707930669924,96.97938980090129,342.50710195799996,131.29246192076633,80.01339282800895,50.92529842495071,1.0582207627434883,0.20212367799922504,3.823874708504039,74.73380907133912,10.766093184752945,79.90641698407138,80.01339282800895,0.0
6_需求冲击,算力需求×0.85,0.85,100.0,100.0,450.3063434542004,131.7939569544114,177.81535500134873,478.15465191000004,208.5733477937146,73.68635593617199,56.589398372279874,1.046391521755355,0.15524032400026044,3.085962054893459,63.49964181891788,1.848656093095778,73.66482437913665,73.68635593617199,0.0
6_需求冲击,算力需求×1.00,1.0,100.0,100.0,585.8225517033877,145.7378788724004,243.63196257630665,619.28929908,263.5077911228035,71.65376178258691,64.536766864873,0.9071050078364056,0.1172633100004532,1.90445519595622,61.13339179739236,1.2047750349212358,71.66647334388054,71.65376178258691,0.0
6_需求冲击,算力需求×1.15,1.15,100.0,100.0,678.3791394184548,146.75097739685413,338.73122172182195,740.9767639372499,367.778281606468,65.61436474697622,67.99518139952504,0.9078488444411275,0.053722669999842765,1.574646042594451,54.680964176927425,0.8643126008797839,65.62452402222756,65.61436474697622,0.0
6_需求冲击,算力需求×1.30,1.3,92.38649650471427,92.38649650471427,724.7357977250655,150.11850174036593,417.08129342957426,787.7445133545,468.368306702527,58.04557021615593,62.78399399844826,0.6481772698631539,0.038037756999983685,1.6984917210001251,48.62800759054299,2.9733392550918785,58.05667305133583,58.04557021615593,0.0
6_需求冲击,算力需求×1.50,1.5,73.67813518421772,73.67813518421772,653.3960385832072,147.0797798029036,438.57728324399034,736.2535779,491.56994565883093,52.04841032788274,51.69635987290053,0.568509339420051,0.01803176799967332,0.9462843593270049,40.473870630381725,0.0716010579641499,52.09703734405349,52.04841032788274,0.0
