压力测试,场景,参数值,影子碳价_CNY_per_kg,协同_任务完成率_%,协同_SLA满足率_%,协同_现金成本_CNY,协同_其中绿电溢价_CNY,协同_调度碳代理_kgCO2,协同_位置法碳排_kgCO2,协同_市场法碳排_kgCO2,协同_单位成本_CNY_per_1000CU,协同_位置法单位碳排_kg_per_1000CU,协同_市场法单位碳排_kg_per_1000CU,协同_绿电占比_%,协同_绿电利用率_%,协同_平均延迟_h,协同_求解时间_s,成本优先_任务完成率_%,成本优先_SLA满足率_%,成本优先_现金成本_CNY,成本优先_其中绿电溢价_CNY,成本优先_调度碳代理_kgCO2,成本优先_位置法碳排_kgCO2,成本优先_市场法碳排_kgCO2,成本优先_单位成本_CNY_per_1000CU,成本优先_位置法单位碳排_kg_per_1000CU,成本优先_市场法单位碳排_kg_per_1000CU,成本优先_绿电占比_%,成本优先_绿电利用率_%,成本优先_平均延迟_h,成本优先_求解时间_s,相对成本优先_现金成本变化_%,相对成本优先_调度碳代理下降_%,相对成本优先_位置法碳排下降_%,相对成本优先_市场法碳排下降_%,相对成本优先_绿电占比变化_pp,相对成本优先_SLA变化_pp,节点占比_安徽_芜湖_%,节点占比_江苏_长三角_%,节点占比_内蒙古_和林格尔_%,节点占比_四川_天府_%
1_碳价压力,影子碳价=0.00元/kg,0.0,0.0,100.0,100.0,574.8743276993,0.0,626.841326895,626.841326895,930.0211524000001,143.01423680854293,155.94231581834464,231.3658114784686,0.0,0.0,0.9193845311839192,0.07109963800030528,100.0,100.0,574.8743276993,0.0,626.841326895,626.841326895,930.0211524000001,143.01423680854293,155.94231581834464,231.3658114784686,0.0,0.0,0.9193845311839192,0.0756388940008037,0.0,-0.0,-0.0,-0.0,0.0,0.0,23.04724233151728,7.30427643854019,23.35273776649999,46.29574346344255
1_碳价压力,影子碳价=0.05元/kg,0.05,0.05,100.0,100.0,583.0578855686697,6.363802749369716,263.0497516481697,627.1370426550001,278.2167526905071,145.05009965138436,156.01588244271963,69.21331260803223,70.05583618770468,63.06459187377947,0.9071050078364056,0.07963434999965102,100.0,100.0,574.8743276993,0.0,626.841326895,626.841326895,930.0211524000001,143.01423680854293,155.94231581834464,231.3658114784686,0.0,0.0,0.9193845311839192,0.06976427100016735,1.423538584880113,58.03567181009553,-0.04717553666490393,70.08490054526774,70.05583618770468,0.0,23.04724233151728,6.07632410378884,24.58069010125134,46.29574346344255
1_碳价压力,影子碳价=0.10元/kg,0.1,0.1,100.0,100.0,583.5127940943588,6.422062976558766,254.8739065763206,623.5728082950001,271.6109406113048,145.1632694216879,155.12919080901563,67.56995313364301,70.74644634912433,63.641944377440105,0.9071050078364056,0.09754791799969098,100.0,100.0,574.8743276993,0.0,626.841326895,626.841326895,930.0211524000001,143.01423680854293,155.94231581834464,231.3658114784686,0.0,0.0,0.9193845311839192,0.07106899100017472,1.5026704061791623,59.339964415107296,0.5214267885287943,70.79518676425916,70.74644634912433,0.0,22.57656043983382,4.910565465084459,25.695947458765577,46.81692663631615
1_碳价压力,影子碳价=0.25元/kg,0.25,0.25,100.0,100.0,585.8225517033877,6.512358872187813,243.63196257630665,619.28929908,263.5077911228035,145.7378788724004,154.0635617284872,65.55409386839902,71.65376178258691,64.536766864873,0.9071050078364056,0.11824497199995676,100.0,100.0,574.8743276993,0.0,626.841326895,626.841326895,930.0211524000001,143.01423680854293,155.94231581834464,231.3658114784686,0.0,0.0,0.9193845311839192,0.0699482079999143,1.90445519595622,61.13339179739236,1.2047750349212358,71.66647334388054,71.65376178258691,0.0,21.390153494041844,6.5693957260492075,24.748613080578153,47.2918376993308
1_碳价压力,影子碳价=0.50元/kg,0.5,0.5,100.0,100.0,594.1070959022924,6.749949210492378,216.11954202078127,595.85847312,240.1614213225246,147.7988645675778,148.23456305694455,59.74610575976431,74.19170151687459,66.89126123065367,0.9854790158469536,0.10094709399982094,100.0,100.0,574.8743276993,0.0,626.841326895,626.841326895,930.0211524000001,143.01423680854293,155.94231581834464,231.3658114784686,0.0,0.0,0.9193845311839192,0.08064318400010961,3.345560460138074,65.52244838557321,4.942694816959603,74.17677859231834,74.19170151687459,0.0,21.390153494041844,4.409035500161703,23.44975993233326,50.7510510734632
1_碳价压力,影子碳价=1.00元/kg,1.0,1.0,100.0,100.0,625.1036169819024,7.311744992602511,152.75391364083006,585.7831919399999,183.2081165246826,155.51001740973268,145.7280871557579,45.577559649894916,80.32278127707059,72.458596220522,1.1648381720028858,0.2071022330001142,100.0,100.0,574.8743276993,0.0,626.841326895,626.841326895,930.0211524000001,143.01423680854293,155.94231581834464,231.3658114784686,0.0,0.0,0.9193845311839192,0.07810509000046295,8.737438229956211,75.63116739646341,6.550004473760155,80.30065057639837,80.32278127707059,0.0,13.120382118068513,8.523024106276589,26.893300495061823,51.463293280593085
2_电价压力,电价×0.80,0.8,0.25,100.0,100.0,477.4856452351462,6.546670869066238,236.2223085905708,612.78004716,260.6893991231579,118.78638834618161,152.4442239868647,64.85294900693034,71.97777655294956,64.87679501545114,0.9078488444411276,0.08780060499975662,100.0,100.0,468.88394963016003,0.0,632.6430531,632.6430531,929.3257512000002,116.64650337840139,157.38563900291066,231.19281319501462,0.0,0.0,0.8928651391894918,0.06578256600005261,1.8345041692663806,62.66104441784933,3.1396860903901063,71.94854454570527,71.97777655294956,0.0,21.390153494041844,6.5693957260492075,23.808493171132174,48.231957608776774
2_电价压力,电价×0.90,0.9,0.25,100.0,100.0,532.5900763562163,6.549390417066238,236.46443463057082,613.0935385199999,260.3779544831579,132.49498130612145,152.52221273229344,64.77546943382788,72.0102531784882,64.90374543982092,0.9071050078364056,0.12299719000020559,100.0,100.0,523.9544982223699,0.0,627.75109818,627.75109818,929.5678843200001,130.34666721953627,156.16864397343085,231.25304980968733,0.0,0.0,0.8928651391894918,0.06906698700004199,1.6481542124639545,62.33149805454143,2.3349317432491667,71.98935560541332,72.0102531784882,0.0,21.390153494041844,6.5693957260492075,23.85377018185437,48.186680598054586
2_电价压力,电价×1.00,1.0,0.25,100.0,100.0,585.8225517033877,6.512358872187813,243.63196257630665,619.28929908,263.5077911228035,145.7378788724004,154.0635617284872,65.55409386839902,71.65376178258691,64.536766864873,0.9071050078364056,0.11666784000044572,100.0,100.0,574.8743276993,0.0,626.841326895,626.841326895,930.0211524000001,143.01423680854293,155.94231581834464,231.3658114784686,0.0,0.0,0.9193845311839192,0.07284493400038627,1.90445519595622,61.13339179739236,1.2047750349212358,71.66647334388054,71.65376178258691,0.0,21.390153494041844,6.5693957260492075,24.748613080578153,47.2918376993308
2_电价压力,电价×1.10,1.1,0.25,100.0,100.0,639.6795211503918,6.480389752651698,247.65330905504737,620.1850740900001,266.3473361051552,159.13613482359176,154.28640796328085,66.26050105857531,71.33503522867527,64.21995637348735,0.9071050078364056,0.13030936599989218,100.0,100.0,622.91497341687,0.0,627.0047833950001,627.0047833950001,930.0888180000002,154.96553807917755,155.9829796738563,231.38264497350553,0.0,0.0,0.9632833296017115,0.07626166499994724,2.6913059484769435,60.50216591425414,1.0876646375923713,71.36323639737006,71.33503522867527,0.0,21.390153494041844,6.096972410876434,25.333980147772223,47.178893947309504
2_电价压力,电价×1.25,1.25,0.25,100.0,100.0,712.2241423440728,6.453016602822818,250.7571027107126,620.25434499,270.0960776291291,177.18340730504087,154.30364081647886,67.19309342217805,70.96124356892282,63.94869144114338,0.9632833296017115,0.11692717200003244,100.0,100.0,703.8335596226251,0.0,626.667177315,626.667177315,930.12466248,175.09604189930224,155.89899179416375,231.3915621762818,0.0,0.0,0.9632833296017115,0.10031584999978804,1.1921259801744137,59.98560132268308,1.0233234733110148,70.96130351936165,70.96124356892282,0.0,21.5921586188024,7.324924745627784,23.942085230241062,47.14083140532876
2_电价压力,电价×1.50,1.5,0.25,100.0,100.0,846.5782074943035,6.429596936503412,253.67635071788627,622.55902323,272.24679167038926,210.60731086755317,154.87698664825731,67.72813684364237,70.72231224065116,63.7166050996238,0.9632833296017115,0.11325577499974315,100.0,100.0,838.6803565471499,0.0,626.667177315,626.667177315,930.12466248,208.64252470262707,155.89899179416375,231.3915621762818,0.0,0.0,0.9632833296017115,0.09991249999984575,0.9416997650534,59.51976425432386,0.6555559687363397,70.73007494022413,70.72231224065116,0.0,21.5921586188024,7.324924745627784,24.27494589148444,46.80797074408538
3_绿电比例压力,绿电可得量×0.40,0.4,0.25,100.0,100.0,580.9321265296218,2.691009754421673,460.24611216887877,610.61873469,654.0271580266692,144.5212644052098,151.90654394357787,162.70546509109366,29.61915501870456,66.66903366378321,0.9071050078364056,0.1363798450001923,100.0,100.0,574.8743276993,0.0,626.841326895,626.841326895,930.0211524000001,143.01423680854293,155.94231581834464,231.3658114784686,0.0,0.0,0.9193845311839192,0.07268661499983864,1.053760541815396,26.576935434575613,2.5879902152203416,29.67609862002649,29.61915501870456,0.0,21.202577306764187,4.910565465084459,25.298654128417546,48.58820309973381
3_绿电比例压力,绿电可得量×0.60,0.6,0.25,100.0,100.0,582.9474116988965,4.0558271686966245,382.29011816585853,609.7372088850001,514.86714549707,145.02261653827316,151.687242551683,128.0859630064607,44.62036098867492,66.98800889394107,0.9071050078364056,0.1266862630000105,100.0,100.0,574.8743276993,0.0,626.841326895,626.841326895,930.0211524000001,143.01423680854293,155.94231581834464,231.3658114784686,0.0,0.0,0.9193845311839192,0.08498916300050041,1.4043215378751988,39.01325554594542,2.7286200312802475,44.63920049899824,44.62036098867492,0.0,20.016170360972207,6.096972410876434,25.298654128417546,48.58820309973381
3_绿电比例压力,绿电可得量×0.80,0.8,0.25,100.0,100.0,584.2968135968332,5.405229066633274,306.7228012044706,609.7372088850001,376.84778358730813,145.35831370421502,151.687242551683,93.7502260336115,59.46586532116985,66.95653889988942,0.9071050078364056,0.11595092700008536,100.0,100.0,574.8743276993,0.0,626.841326895,626.841326895,930.0211524000001,143.01423680854293,155.94231581834464,231.3658114784686,0.0,0.0,0.9193845311839192,0.08222039599968411,1.6390514315090132,51.06850999697269,2.7286200312802475,59.479654563251614,59.46586532116985,0.0,20.016170360972207,6.096972410876434,25.298654128417546,48.58820309973381
3_绿电比例压力,绿电可得量×1.00,1.0,0.25,100.0,100.0,585.8225517033877,6.512358872187813,243.63196257630665,619.28929908,263.5077911228035,145.7378788724004,154.0635617284872,65.55409386839902,71.65376178258691,64.536766864873,0.9071050078364056,0.12980277000042406,100.0,100.0,574.8743276993,0.0,626.841326895,626.841326895,930.0211524000001,143.01423680854293,155.94231581834464,231.3658114784686,0.0,0.0,0.9193845311839192,0.07561961600003997,1.90445519595622,61.13339179739236,1.2047750349212358,71.66647334388054,71.65376178258691,0.0,21.390153494041844,6.5693957260492075,24.748613080578153,47.2918376993308
3_绿电比例压力,绿电可得量×1.20,1.2,0.25,100.0,100.0,589.189955435294,7.285287360794111,187.41858393700116,614.14569642,185.3105659450855,146.57560400907877,152.78396308679754,46.10059605072157,80.0840574224452,60.16366997667508,0.9071050078364056,0.14679918500041822,100.0,100.0,574.8743276993,0.0,626.841326895,626.841326895,930.0211524000001,143.01423680854293,155.94231581834464,231.3658114784686,0.0,0.0,0.9193845311839192,0.07981759199992666,2.490218652359455,70.10111237155317,2.025333992876082,80.07458588797948,80.0840574224452,0.0,21.9737791377466,6.664676468393163,23.287807547826954,48.07373684603329
3_绿电比例压力,绿电可得量×1.50,1.5,0.25,100.0,100.0,589.6512903471804,7.823195112680386,137.51981025147393,614.55087666,130.09191376879812,146.69037250222166,152.88476171356072,32.36358777242036,86.01557707846675,51.684674123397755,0.9071050078364056,0.18995388000075764,100.0,100.0,574.8743276993,0.0,626.841326895,626.841326895,930.0211524000001,143.01423680854293,155.94231581834464,231.3658114784686,0.0,0.0,0.9193845311839192,0.08260531699943385,2.570468350364359,78.06146398600337,1.9606955871718892,86.0119403270469,86.01557707846675,0.0,22.51909346468642,6.119362141453343,23.287807547826954,48.07373684603329
4_SLA压力,SLA阈值×0.50,0.5,0.25,100.0,100.0,645.7509823788388,6.247365630838733,279.24405462949534,662.7268027350001,291.5118417418639,160.64656128040372,164.86971732591988,72.5207955175421,68.67162329680174,61.910712715623184,0.33589820135831033,0.0821754280004825,100.0,100.0,633.9450707971,0.0,687.033344535,687.033344535,928.63199592,157.7095481745155,170.91657201656838,231.02022437495336,0.0,0.0,0.3255541458317785,0.036432490999686706,1.8622925116989135,59.35509435593782,3.537898414006544,68.60846459925584,68.67162329680174,0.0,27.759036744035626,10.55974326442272,20.339826355200636,41.34139363634103
4_SLA压力,SLA阈值×0.70,0.7,0.25,100.0,100.0,635.2980871549656,6.347479018565729,271.19538757309726,653.344454175,282.268203672606,158.0461445269462,162.53562558773044,70.22121145175161,69.69746462095127,62.902825480075194,0.49994029405179496,0.11692897400007496,100.0,100.0,623.3920621855001,0.0,677.650995975,677.650995975,929.62814328,155.08422573463196,168.582480278379,231.26804071945668,0.0,0.0,0.48959623852526307,0.0485635060003915,1.9098775380175934,59.98007983698112,3.5868820298903112,69.63643950400628,69.69746462095127,0.0,27.759036744035626,10.55974326442272,18.98475010572928,42.69646988581238
4_SLA压力,SLA阈值×0.85,0.85,0.25,100.0,100.0,597.8654273857625,6.474749285562313,246.30724981137251,627.92681214,266.9262653585929,148.73384267128455,156.21235717590866,66.40452405865933,71.27279161314549,64.16405995919249,0.6925143667437869,0.08514572500007489,100.0,100.0,579.8934909868999,0.0,637.1622479549999,637.1622479549999,929.0103746400001,144.2628780722193,158.50990072766623,231.11435545936268,0.0,0.0,0.8083240042789263,0.08514184899922839,3.0991788454594955,61.343087949434164,1.4494637503463805,71.2676765895075,71.27279161314549,0.0,22.551434186630843,6.5693957260492075,24.75060327885166,46.12856680846829
4_SLA压力,SLA阈值×1.00,1.0,0.25,100.0,100.0,585.8225517033877,6.512358872187813,243.63196257630665,619.28929908,263.5077911228035,145.7378788724004,154.0635617284872,65.55409386839902,71.65376178258691,64.536766864873,0.9071050078364056,0.11945903900050325,100.0,100.0,574.8743276993,0.0,626.841326895,626.841326895,930.0211524000001,143.01423680854293,155.94231581834464,231.3658114784686,0.0,0.0,0.9193845311839192,0.07232719300009194,1.90445519595622,61.13339179739236,1.2047750349212358,71.66647334388054,71.65376178258691,0.0,21.390153494041844,6.5693957260492075,24.748613080578153,47.2918376993308
4_SLA压力,SLA阈值×1.20,1.2,0.25,100.0,100.0,574.9405923646342,6.592750175234148,236.18491287062457,609.33336468,256.3422639763193,143.03072178636071,151.58677629673858,63.77149139894005,72.45589692163401,65.33343591897285,1.0768241411050574,0.14231947799999034,100.0,100.0,563.9691248403001,0.0,616.6838623350001,616.6838623350001,931.09959576,140.30129732077023,153.41539476453468,231.63410099261142,0.0,0.0,1.0891036644525711,0.07585923399983585,1.9454021578647451,61.70081182660781,1.1919393556316265,72.46886743978418,72.45589692163401,0.0,21.390153494041844,6.5693957260492075,23.310694827972238,48.729755951936724
4_SLA压力,SLA阈值×1.50,1.5,0.25,100.0,100.0,575.4995784492728,6.5750077638728195,237.79589962312656,610.47876198,258.1002983518002,143.1697834289307,151.87172226285543,64.20884602129517,72.26530575239366,65.15761055551863,1.0677488369778838,0.16073895600038668,100.0,100.0,557.8998629050999,0.0,617.768276625,617.768276625,931.6074535200003,138.7914179926611,153.68516969549967,231.76044319725358,0.0,0.0,1.1368485210339079,0.10795577200042317,3.154637008248676,61.50726597321308,1.179975554074131,72.29516601905772,72.26530575239366,0.0,21.544393860238326,6.5693957260492075,23.310694827972238,48.575515585740234
5_绿电波动压力,绿电波动系数=0.00,0.0,0.25,100.0,100.0,587.1955727648652,6.374257239565251,252.34287975404564,603.3399181650001,278.41297738728565,146.07945189065484,150.09575793342788,69.26212836462564,70.07547620327085,63.168194732541124,0.9071050078364056,0.12289871499979199,100.0,100.0,574.8743276993,0.0,626.841326895,626.841326895,930.0211524000001,143.01423680854293,155.94231581834464,231.3658114784686,0.0,0.0,0.9193845311839192,0.07298644100046658,2.1432936681789183,59.74373913666438,3.749179851687811,70.06380159539202,70.07547620327085,0.0,20.016170360972207,6.096972410876434,24.374704579943778,49.51215264820758
5_绿电波动压力,绿电波动系数=0.50,0.5,0.25,100.0,100.0,585.4190727943501,6.470340481350055,247.03401442991057,609.5356787250001,267.9275834984239,145.63750349388016,151.63710692962164,66.65362676279919,71.18209715722122,64.12036918981326,0.9071050078364056,0.10271515899967198,100.0,100.0,574.8743276993,0.0,626.841326895,626.841326895,930.0211524000001,143.01423680854293,155.94231581834464,231.3658114784686,0.0,0.0,0.9193845311839192,0.07121744599953672,1.8342696111080687,60.59066244825137,2.760770138708264,71.191237660884,71.18209715722122,0.0,20.016170360972207,6.096972410876434,25.269547478667562,48.6173097494838
5_绿电波动压力,绿电波动系数=1.00,1.0,0.25,100.0,100.0,585.8225517033877,6.512358872187813,243.63196257630665,619.28929908,263.5077911228035,145.7378788724004,154.0635617284872,65.55409386839902,71.65376178258691,64.536766864873,0.9071050078364056,0.11816782300047635,100.0,100.0,574.8743276993,0.0,626.841326895,626.841326895,930.0211524000001,143.01423680854293,155.94231581834464,231.3658114784686,0.0,0.0,0.9193845311839192,0.07479544500074553,1.90445519595622,61.13339179739236,1.2047750349212358,71.66647334388054,71.65376178258691,0.0,21.390153494041844,6.5693957260492075,24.748613080578153,47.2918376993308
5_绿电波动压力,绿电波动系数=1.50,1.5,0.25,100.0,100.0,585.7438643124586,6.438820045258565,255.25563992783697,621.6281630249999,270.5945004548958,145.71830343370368,154.64541210164936,67.31708845309247,70.8777986441864,63.80800510247726,0.9071050078364056,0.09429636999993818,100.0,100.0,574.8743276993,0.0,626.841326895,626.841326895,930.0211524000001,143.01423680854293,155.94231581834464,231.3658114784686,0.0,0.0,0.9193845311839192,0.07329875300001731,1.8907674407134367,59.279066491639604,0.8316560581324365,70.90447891893606,70.8777986441864,0.0,23.705500410478393,4.932955195661369,24.18265044655074,47.178893947309504
5_绿电波动压力,绿电波动系数=2.00,2.0,0.25,100.0,100.0,585.8087724601835,6.340599346683544,270.5910410749957,624.785802825,280.63941792095835,145.73445094414595,155.43095326143742,69.8160106278972,69.79669252903693,62.83464868130208,0.9071050078364056,0.1737270539997553,100.0,100.0,574.8743276993,0.0,626.841326895,626.841326895,930.0211524000001,143.01423680854293,155.94231581834464,231.3658114784686,0.0,0.0,0.9193845311839192,0.07169955500012293,1.9020582819629699,56.83260987029315,0.3279177651195686,69.82440483243376,69.79669252903693,0.0,23.705500410478393,5.403637087344828,24.184391870040052,46.70647063213673
5_绿电波动压力,绿电波动系数=3.00,3.0,0.25,100.0,100.0,588.1042692608069,6.284588945106847,276.3263925619909,624.3915179700001,285.9107927286688,146.30551266532498,155.3328651317263,71.12739575805877,69.21421305899196,62.27959170432857,0.9071050078364056,0.11175398399973346,100.0,100.0,574.8743276993,0.0,626.841326895,626.841326895,930.0211524000001,143.01423680854293,155.94231581834464,231.3658114784686,0.0,0.0,0.9193845311839192,0.07471340200027043,2.3013623889684363,55.917649219021996,0.39081803000046966,69.25760322860923,69.21421305899196,0.0,22.51909346468642,5.403637087344828,25.39990546558201,46.677363982386744
6_需求冲击,算力需求×0.70,0.7,0.25,100.0,100.0,359.39717848239724,5.138835351187258,96.97938980090129,342.50710195799996,131.29246192076633,127.72707930669924,121.72447196059407,46.660362685476294,80.01339282800895,50.92529842495071,1.0582207627434883,0.20212367799922504,100.0,100.0,346.16043707811997,0.0,383.830669509,383.830669509,653.4049294079999,123.02284004069953,136.4105599596985,232.21524328681244,0.0,0.0,0.9399407916013631,0.08186981200014998,3.823874708504039,74.73380907133912,10.766093184752945,79.90641698407138,80.01339282800895,0.0,14.39162126526855,3.7104759061621513,16.239520362216087,65.6583824663532
6_需求冲击,算力需求×0.85,0.85,0.25,100.0,100.0,450.3063434542004,5.710395615775362,177.81535500134873,478.15465191000004,208.5733477937146,131.7939569544114,139.944494514516,61.04445833496927,73.68635593617199,56.589398372279874,1.046391521755355,0.15524032400026044,100.0,100.0,436.82605708662004,0.0,487.1605755735,487.1605755735,791.995279608,127.8485977404284,142.5803141801627,231.79818207328907,0.0,0.0,1.0869268850909273,0.11725509200005035,3.085962054893459,63.49964181891788,1.848656093095778,73.66482437913665,73.68635593617199,0.0,18.82478791949648,3.710475906162151,22.06259173570167,55.402144438639695
6_需求冲击,算力需求×1.00,1.0,0.25,100.0,100.0,585.8225517033877,6.512358872187813,243.63196257630665,619.28929908,263.5077911228035,145.7378788724004,154.0635617284872,65.55409386839902,71.65376178258691,64.536766864873,0.9071050078364056,0.1172633100004532,100.0,100.0,574.8743276993,0.0,626.841326895,626.841326895,930.0211524000001,143.01423680854293,155.94231581834464,231.3658114784686,0.0,0.0,0.9193845311839192,0.07164149799973529,1.90445519595622,61.13339179739236,1.2047750349212358,71.66647334388054,71.65376178258691,0.0,21.390153494041844,6.5693957260492075,24.748613080578153,47.2918376993308
6_需求冲击,算力需求×1.15,1.15,0.25,100.0,100.0,678.3791394184548,6.8613450032346615,338.73122172182195,740.9767639372499,367.778281606468,146.75097739685413,160.2924648145384,79.55996750924913,65.61436474697622,67.99518139952504,0.9078488444411275,0.053722669999842765,100.0,100.0,667.8626663724551,0.0,747.43695572925,747.43695572925,1069.885641276,144.47599190777922,161.68997161355327,231.44397349055896,0.0,0.0,0.9201283677886409,0.04489852100050484,1.574646042594451,54.680964176927425,0.8643126008797839,65.62452402222756,65.61436474697622,0.0,20.23907256760455,11.641913575639974,24.703336069855958,43.415677786899515
6_需求冲击,算力需求×1.30,1.3,0.25,92.38649650471427,92.38649650471427,724.7357977250655,6.3354878189556105,417.08129342957426,787.7445133545,468.368306702527,150.11850174036593,163.16984267945907,97.01569687265331,58.04557021615593,62.78399399844826,0.6481772698631539,0.038037756999983685,92.38649650471427,92.38649650471427,712.6318055073101,0.0,811.8845967765001,811.8845967765001,1116.669422232,147.6113354288492,168.17011059305378,231.3018635631695,0.0,0.0,0.7340601993720481,0.03427962000023399,1.6984917210001251,48.62800759054299,2.9733392550918785,58.05667305133583,58.04557021615593,0.0,20.162050376178758,12.653823990349144,25.479715428983813,41.7044102044883
6_需求冲击,算力需求×1.50,1.5,0.25,73.67813518421772,73.67813518421772,653.3960385832072,5.216642609057362,438.57728324399034,736.2535779,491.56994565883093,147.0797798029036,165.73105394308558,110.65264417886281,52.04841032788274,51.69635987290053,0.568509339420051,0.01803176799967332,73.67813518421772,73.67813518421772,647.2710142132499,0.0,736.7811209775,736.7811209775,1026.17858772,145.70103370953254,165.84980415749382,230.99332075471696,0.0,0.0,0.568509339420051,0.01920598200013046,0.9462843593270049,40.473870630381725,0.0716010579641499,52.09703734405349,52.04841032788274,0.0,19.853864750611148,11.648951256736133,28.267108764063156,40.23007522858957
